<?xml version="1.0" encoding="UTF-8"?>

<!-- generated on Sun Jul  4 16:03:22 2021 by SUMO duarouter Version 0.32.0
<?xml version="1.0" encoding="UTF-8"?>

<configuration xmlns:xsi="http://www.w3.org/2001/XMLSchema-instance" xsi:noNamespaceSchemaLocation="http://sumo.dlr.de/xsd/duarouterConfiguration.xsd">

    <input>
        <net-file value="colonia.net.xml"/>
        <route-files value="trips.trips.xml"/>
    </input>

    <output>
        <output-file value="colonia.rou.xml"/>
        <alternatives-output value="colonia.rou.alt.xml"/>
    </output>

    <processing>
        <ignore-errors value="true"/>
    </processing>

    <time>
        <begin value="0"/>
        <end value="5.0"/>
    </time>

    <report>
        <no-warnings value="true"/>
        <no-step-log value="true"/>
    </report>

</configuration>
-->

<routes xmlns:xsi="http://www.w3.org/2001/XMLSchema-instance" xsi:noNamespaceSchemaLocation="http://sumo.dlr.de/xsd/routes_file.xsd">
    <vehicle id="0" depart="0.00">
        <routeDistribution last="0">
            <route cost="8.77" probability="1.00000000" edges="-297047308 -28675493#2 -28675493#1 -28675493#0 -297047307 22959550#0 22959550#1 22959550#2 22959550#3 -23840712#4"/>
        </routeDistribution>
    </vehicle>
    <vehicle id="1" depart="1.00">
        <routeDistribution last="0">
            <route cost="11.49" probability="1.00000000" edges="8716807#6 -297047308 -28675493#2 -28675493#1 -28675493#0 -297047307 22959550#0 22959550#1 22959550#2 22959550#3 -23840712#4 -23840712#3 -23840712#2 -23840712#1 290365598#0 290365598#1 23840888#1"/>
        </routeDistribution>
    </vehicle>
    <vehicle id="2" depart="2.00">
        <routeDistribution last="0">
            <route cost="4.75" probability="1.00000000" edges="28675493#0 -28675493#0 -297047307 22959550#0"/>
        </routeDistribution>
    </vehicle>
    <vehicle id="3" depart="3.00">
        <routeDistribution last="0">
            <route cost="6.59" probability="1.00000000" edges="22959552#1 22959552#2 22959550#3 -23840712#4 -23840712#3"/>
        </routeDistribution>
    </vehicle>
    <vehicle id="4" depart="4.00">
        <routeDistribution last="0">
            <route cost="8.94" probability="1.00000000" edges="-28675493#2 28675493#2 297047308 -8716807#6 -8716807#5 22959552#1 -28691861 28691861"/>
        </routeDistribution>
    </vehicle>
</routes>
