<?xml version="1.0" encoding="UTF-8"?>

<!-- generated on sex 27 ago 2021 02:42:31 -03 by SUMO gui Version 0.32.0
<?xml version="1.0" encoding="UTF-8"?>

<configuration xmlns:xsi="http://www.w3.org/2001/XMLSchema-instance" xsi:noNamespaceSchemaLocation="http://sumo.dlr.de/xsd/sumoConfiguration.xsd">

    <input>
        <net-file value="/home/edsonmottac/Dropbox/linux/projetos/DARKAN/Simulacao/veins_myproject_colonia_v2/simulations/30/colonia.net.xml"/>
        <route-files value="/home/edsonmottac/Dropbox/linux/projetos/DARKAN/Simulacao/veins_myproject_colonia_v2/simulations/30/colonia.rou.xml"/>
        <additional-files value="/home/edsonmottac/Dropbox/linux/projetos/DARKAN/Simulacao/veins_myproject_colonia_v2/simulations/30/colonia.poi.xml"/>
    </input>

    <output>
        <emission-output value="/home/edsonmottac/Dropbox/linux/projetos/DARKAN/Simulacao/veins_myproject_colonia_v2/simulations/30/output_emission.xml"/>
        <tripinfo-output value="/home/edsonmottac/Dropbox/linux/projetos/DARKAN/Simulacao/veins_myproject_colonia_v2/simulations/30/output_tripinfo.xml"/>
    </output>

    <time>
        <begin value="0"/>
        <end value="150"/>
        <step-length value="0.1"/>
    </time>

    <gui_only>
        <gui-settings-file value="/home/edsonmottac/Dropbox/linux/projetos/DARKAN/Simulacao/veins_myproject_colonia_v2/simulations/30/sumo.settings.xml"/>
        <start value="true"/>
        <tracker-interval value="0.1"/>
    </gui_only>

</configuration>
-->

<tripinfos xmlns:xsi="http://www.w3.org/2001/XMLSchema-instance" xsi:noNamespaceSchemaLocation="http://sumo.dlr.de/xsd/tripinfo_file.xsd">
    <tripinfo id="29" depart="29.00" departLane="-28675493#2_0" departPos="1.99" departSpeed="0.00" departDelay="0.00" arrival="31.40" arrivalLane="28675493#2_0" arrivalPos="1.99" arrivalSpeed="5.27" duration="2.40" routeLength="6.81" waitSteps="1" timeLoss="2.28" rerouteNo="0" devices="tripinfo_29" vType="DEFAULT_VEHTYPE" speedFactor="1.00" vaporized=""/>
    <tripinfo id="7" depart="7.00" departLane="23840712#4_0" departPos="5.10" departSpeed="0.00" departDelay="0.00" arrival="35.80" arrivalLane="290365598#1_0" arrivalPos="21.84" arrivalSpeed="17.13" duration="28.80" routeLength="228.20" waitSteps="0" timeLoss="24.67" rerouteNo="0" devices="tripinfo_7" vType="DEFAULT_VEHTYPE" speedFactor="1.00" vaporized=""/>
    <tripinfo id="13" depart="13.60" departLane="23283470#2_0" departPos="5.10" departSpeed="0.00" departDelay="0.60" arrival="36.80" arrivalLane="23283470#3_0" arrivalPos="190.45" arrivalSpeed="28.56" duration="23.20" routeLength="273.89" waitSteps="0" timeLoss="18.25" rerouteNo="0" devices="tripinfo_13" vType="DEFAULT_VEHTYPE" speedFactor="1.00" vaporized=""/>
    <tripinfo id="12" depart="12.00" departLane="-28675493#2_0" departPos="1.99" departSpeed="0.00" departDelay="0.00" arrival="40.00" arrivalLane="8716807#3_0" arrivalPos="31.50" arrivalSpeed="13.29" duration="28.00" routeLength="289.14" waitSteps="1" timeLoss="22.79" rerouteNo="0" devices="tripinfo_12" vType="DEFAULT_VEHTYPE" speedFactor="1.00" vaporized=""/>
    <tripinfo id="27" depart="30.90" departLane="23840712#1_0" departPos="0.35" departSpeed="0.00" departDelay="3.90" arrival="44.20" arrivalLane="-290365598#1_0" arrivalPos="21.84" arrivalSpeed="11.98" duration="13.30" routeLength="96.63" waitSteps="0" timeLoss="11.54" rerouteNo="0" devices="tripinfo_27" vType="DEFAULT_VEHTYPE" speedFactor="1.00" vaporized=""/>
    <tripinfo id="6" depart="6.00" departLane="-23840712#3_0" departPos="1.81" departSpeed="0.00" departDelay="0.00" arrival="45.90" arrivalLane="8716807#2_0" arrivalPos="33.28" arrivalSpeed="13.52" duration="39.90" routeLength="304.26" waitSteps="0" timeLoss="34.40" rerouteNo="0" devices="tripinfo_6" vType="DEFAULT_VEHTYPE" speedFactor="1.00" vaporized=""/>
    <tripinfo id="2" depart="2.00" departLane="22959550#0_0" departPos="5.10" departSpeed="0.00" departDelay="0.00" arrival="47.60" arrivalLane="290365598#1_0" arrivalPos="21.84" arrivalSpeed="16.94" duration="45.60" routeLength="427.66" waitSteps="0" timeLoss="37.88" rerouteNo="0" devices="tripinfo_2" vType="DEFAULT_VEHTYPE" speedFactor="1.00" vaporized=""/>
    <tripinfo id="22" depart="22.00" departLane="23840888#0_0" departPos="5.10" departSpeed="0.00" departDelay="0.00" arrival="48.70" arrivalLane="23840935_0" arrivalPos="84.88" arrivalSpeed="24.97" duration="26.70" routeLength="242.18" waitSteps="0" timeLoss="22.30" rerouteNo="0" devices="tripinfo_22" vType="DEFAULT_VEHTYPE" speedFactor="1.00" vaporized=""/>
    <tripinfo id="28" depart="28.00" departLane="-28675494_0" departPos="5.10" departSpeed="0.00" departDelay="0.00" arrival="50.00" arrivalLane="-8716807#4_0" arrivalPos="21.17" arrivalSpeed="26.28" duration="22.00" routeLength="253.14" waitSteps="0" timeLoss="17.42" rerouteNo="0" devices="tripinfo_28" vType="DEFAULT_VEHTYPE" speedFactor="1.00" vaporized=""/>
    <tripinfo id="10" depart="10.00" departLane="-23840712#3_0" departPos="1.81" departSpeed="0.00" departDelay="0.00" arrival="54.30" arrivalLane="-297047307_0" arrivalPos="59.67" arrivalSpeed="4.65" duration="44.30" routeLength="478.47" waitSteps="0" timeLoss="35.68" rerouteNo="0" devices="tripinfo_10" vType="DEFAULT_VEHTYPE" speedFactor="1.00" vaporized=""/>
    <tripinfo id="15" depart="15.00" departLane="23840712#2_0" departPos="5.10" departSpeed="0.00" departDelay="0.00" arrival="54.70" arrivalLane="22959550#0_0" arrivalPos="65.46" arrivalSpeed="22.81" duration="39.70" routeLength="423.54" waitSteps="0" timeLoss="32.08" rerouteNo="0" devices="tripinfo_15" vType="DEFAULT_VEHTYPE" speedFactor="1.00" vaporized=""/>
    <tripinfo id="9" depart="9.00" departLane="8716807#5_0" departPos="5.10" departSpeed="0.00" departDelay="0.00" arrival="59.60" arrivalLane="28675493#2_0" arrivalPos="1.99" arrivalSpeed="7.23" duration="50.60" routeLength="192.04" waitSteps="235" timeLoss="47.14" rerouteNo="0" devices="tripinfo_9" vType="DEFAULT_VEHTYPE" speedFactor="1.00" vaporized=""/>
    <tripinfo id="3" depart="3.00" departLane="-23840712#4_0" departPos="5.10" departSpeed="0.00" departDelay="0.00" arrival="61.00" arrivalLane="8716807#3_0" arrivalPos="31.50" arrivalSpeed="12.87" duration="58.00" routeLength="395.55" waitSteps="0" timeLoss="50.88" rerouteNo="0" devices="tripinfo_3" vType="DEFAULT_VEHTYPE" speedFactor="1.00" vaporized=""/>
    <tripinfo id="5" depart="5.00" departLane="23647118_0" departPos="5.10" departSpeed="0.00" departDelay="0.00" arrival="65.50" arrivalLane="297047308_0" arrivalPos="33.47" arrivalSpeed="13.35" duration="60.50" routeLength="311.51" waitSteps="169" timeLoss="54.88" rerouteNo="0" devices="tripinfo_5" vType="DEFAULT_VEHTYPE" speedFactor="1.00" vaporized=""/>
    <tripinfo id="23" depart="23.40" departLane="-8716807#5_0" departPos="5.10" departSpeed="0.00" departDelay="0.40" arrival="65.90" arrivalLane="28675493#2_0" arrivalPos="1.99" arrivalSpeed="7.00" duration="42.50" routeLength="267.61" waitSteps="23" timeLoss="37.68" rerouteNo="0" devices="tripinfo_23" vType="DEFAULT_VEHTYPE" speedFactor="1.00" vaporized=""/>
    <tripinfo id="17" depart="17.00" departLane="-28675493#0_0" departPos="5.10" departSpeed="0.00" departDelay="0.00" arrival="68.20" arrivalLane="23840712#3_0" arrivalPos="1.81" arrivalSpeed="7.09" duration="51.20" routeLength="497.67" waitSteps="0" timeLoss="42.24" rerouteNo="0" devices="tripinfo_17" vType="DEFAULT_VEHTYPE" speedFactor="1.00" vaporized=""/>
    <tripinfo id="1" depart="1.00" departLane="8716807#2_0" departPos="5.10" departSpeed="0.00" departDelay="0.00" arrival="70.60" arrivalLane="-23840712#0_0" arrivalPos="89.53" arrivalSpeed="20.29" duration="69.60" routeLength="609.11" waitSteps="0" timeLoss="58.62" rerouteNo="0" devices="tripinfo_1" vType="DEFAULT_VEHTYPE" speedFactor="1.00" vaporized=""/>
    <tripinfo id="20" depart="20.00" departLane="8716807#6_0" departPos="5.10" departSpeed="0.00" departDelay="0.00" arrival="72.00" arrivalLane="-8716807#3_0" arrivalPos="31.50" arrivalSpeed="13.59" duration="52.00" routeLength="267.65" waitSteps="187" timeLoss="47.17" rerouteNo="0" devices="tripinfo_20" vType="DEFAULT_VEHTYPE" speedFactor="1.00" vaporized=""/>
    <tripinfo id="24" depart="24.00" departLane="23840888#1_0" departPos="5.10" departSpeed="0.00" departDelay="0.00" arrival="72.30" arrivalLane="28691861_0" arrivalPos="117.56" arrivalSpeed="23.02" duration="48.30" routeLength="417.21" waitSteps="0" timeLoss="40.79" rerouteNo="0" devices="tripinfo_24" vType="DEFAULT_VEHTYPE" speedFactor="1.00" vaporized=""/>
    <tripinfo id="0" depart="0.00" departLane="23647126_0" departPos="5.10" departSpeed="0.00" departDelay="0.00" arrival="75.80" arrivalLane="23840712#4_0" arrivalPos="67.94" arrivalSpeed="17.64" duration="75.80" routeLength="726.10" waitSteps="11" timeLoss="62.70" rerouteNo="0" devices="tripinfo_0" vType="DEFAULT_VEHTYPE" speedFactor="1.00" vaporized=""/>
    <tripinfo id="21" depart="22.10" departLane="23283470#0_0" departPos="5.10" departSpeed="0.00" departDelay="1.10" arrival="75.80" arrivalLane="28675493#1_0" arrivalPos="5.33" arrivalSpeed="7.88" duration="53.70" routeLength="495.55" waitSteps="0" timeLoss="44.78" rerouteNo="0" devices="tripinfo_21" vType="DEFAULT_VEHTYPE" speedFactor="1.00" vaporized=""/>
    <tripinfo id="4" depart="4.00" departLane="23283470#2_0" departPos="5.10" departSpeed="0.00" departDelay="0.00" arrival="81.70" arrivalLane="22959550#3_0" arrivalPos="121.80" arrivalSpeed="12.94" duration="77.70" routeLength="516.09" waitSteps="111" timeLoss="68.41" rerouteNo="0" devices="tripinfo_4" vType="DEFAULT_VEHTYPE" speedFactor="1.00" vaporized=""/>
    <tripinfo id="25" depart="25.00" departLane="23840887#2_0" departPos="5.10" departSpeed="0.00" departDelay="0.00" arrival="88.70" arrivalLane="23840887#1_0" arrivalPos="21.22" arrivalSpeed="13.24" duration="63.70" routeLength="669.44" waitSteps="0" timeLoss="51.65" rerouteNo="0" devices="tripinfo_25" vType="DEFAULT_VEHTYPE" speedFactor="1.00" vaporized=""/>
    <tripinfo id="19" depart="19.00" departLane="28675493#0_0" departPos="5.10" departSpeed="0.00" departDelay="0.00" arrival="88.80" arrivalLane="627838794_0" arrivalPos="135.75" arrivalSpeed="25.07" duration="69.80" routeLength="629.37" waitSteps="32" timeLoss="58.47" rerouteNo="0" devices="tripinfo_19" vType="DEFAULT_VEHTYPE" speedFactor="1.00" vaporized=""/>
    <tripinfo id="8" depart="8.00" departLane="8716807#2_0" departPos="5.10" departSpeed="0.00" departDelay="0.00" arrival="91.00" arrivalLane="23840935_0" arrivalPos="84.88" arrivalSpeed="26.31" duration="83.00" routeLength="709.30" waitSteps="0" timeLoss="70.23" rerouteNo="0" devices="tripinfo_8" vType="DEFAULT_VEHTYPE" speedFactor="1.00" vaporized=""/>
    <tripinfo id="14" depart="16.60" departLane="297047308_0" departPos="5.10" departSpeed="0.00" departDelay="2.60" arrival="98.60" arrivalLane="23840887#4_0" arrivalPos="138.32" arrivalSpeed="29.80" duration="82.00" routeLength="866.47" waitSteps="7" timeLoss="66.39" rerouteNo="0" devices="tripinfo_14" vType="DEFAULT_VEHTYPE" speedFactor="1.00" vaporized=""/>
    <tripinfo id="26" depart="34.10" departLane="23283470#1_0" departPos="5.10" departSpeed="0.00" departDelay="8.10" arrival="103.20" arrivalLane="23840712#4_0" arrivalPos="67.94" arrivalSpeed="18.21" duration="69.10" routeLength="502.57" waitSteps="59" timeLoss="60.03" rerouteNo="0" devices="tripinfo_26" vType="DEFAULT_VEHTYPE" speedFactor="1.00" vaporized=""/>
    <tripinfo id="11" depart="11.00" departLane="23283470#2_0" departPos="5.10" departSpeed="0.00" departDelay="0.00" arrival="106.80" arrivalLane="22959550#0_0" arrivalPos="65.46" arrivalSpeed="17.45" duration="95.80" routeLength="631.65" waitSteps="112" timeLoss="84.40" rerouteNo="0" devices="tripinfo_11" vType="DEFAULT_VEHTYPE" speedFactor="1.00" vaporized=""/>
    <tripinfo id="18" depart="18.00" departLane="-23840712#2_0" departPos="5.10" departSpeed="0.00" departDelay="0.00" arrival="109.20" arrivalLane="-297047308_0" arrivalPos="33.47" arrivalSpeed="13.01" duration="91.20" routeLength="613.83" waitSteps="241" timeLoss="80.15" rerouteNo="0" devices="tripinfo_18" vType="DEFAULT_VEHTYPE" speedFactor="1.00" vaporized=""/>
    <tripinfo id="16" depart="16.00" departLane="28691861_0" departPos="5.10" departSpeed="0.00" departDelay="0.00" arrival="109.20" arrivalLane="23840888#1_0" arrivalPos="20.75" arrivalSpeed="11.37" duration="93.20" routeLength="523.40" waitSteps="220" timeLoss="83.77" rerouteNo="0" devices="tripinfo_16" vType="DEFAULT_VEHTYPE" speedFactor="1.00" vaporized=""/>
</tripinfos>
